index,CAPEC-ID,CVE-ID,CVE_WORD_COUNT
1,CAPEC-7,CVE-2006-4705,26
2,CAPEC-10,CVE-1999-0046,9
3,CAPEC-10,CVE-1999-0906,16
4,CAPEC-13,CVE-1999-0073,24
5,CAPEC-16,CVE-2003-1096,33
6,CAPEC-26,CVE-2007-1057,64
7,CAPEC-27,CVE-2000-0972,27
8,CAPEC-27,CVE-2005-0894,30
9,CAPEC-27,CVE-2006-6939,24
10,CAPEC-29,CVE-2007-1057,64
11,CAPEC-31,CVE-2010-5148,45
12,CAPEC-31,CVE-2016-0353,47
13,CAPEC-33,CVE-2005-2088,80
14,CAPEC-33,CVE-2006-6276,49
15,CAPEC-34,CVE-2006-0207,34
16,CAPEC-39,CVE-2006-0944,16
17,CAPEC-42,CVE-1999-0047,10
18,CAPEC-46,CVE-1999-0946,13
19,CAPEC-46,CVE-1999-0971,20
20,CAPEC-47,CVE-2001-0249,32
21,CAPEC-47,CVE-2006-6652,51
22,CAPEC-49,CVE-2004-1143,28
23,CAPEC-50,CVE-2006-3013,81
24,CAPEC-52,CVE-2004-0629,42
25,CAPEC-54,CVE-2006-4705,26
26,CAPEC-55,CVE-2006-1058,31
27,CAPEC-59,CVE-2001-1534,41
28,CAPEC-59,CVE-2006-6969,45
29,CAPEC-60,CVE-1999-0428,14
30,CAPEC-60,CVE-2002-0258,48
31,CAPEC-61,CVE-2004-2182,26
32,CAPEC-64,CVE-2001-1335,32
33,CAPEC-66,CVE-2006-5525,55
34,CAPEC-67,CVE-2002-0412,50
35,CAPEC-70,CVE-2006-5288,29
36,CAPEC-71,CVE-2000-0884,35
37,CAPEC-72,CVE-2001-0784,26
38,CAPEC-77,CVE-2000-0860,32
39,CAPEC-80,CVE-2000-0884,35
40,CAPEC-92,CVE-2007-1544,37
41,CAPEC-93,CVE-2006-0201,34
42,CAPEC-108,CVE-2006-6799,55
43,CAPEC-135,CVE-2007-2027,41
44,CAPEC-136,CVE-2005-2301,37
45,CAPEC-267,CVE-2010-0488,42
46,CAPEC-459,CVE-2004-2761,36
47,CAPEC-459,CVE-2005-4900,54
48,CAPEC-475,CVE-2020-0601,48
49,CAPEC-632,CVE-2005-0233,50
50,CAPEC-632,CVE-2005-0234,44
51,CAPEC-632,CVE-2005-0235,44
52,CAPEC-632,CVE-2005-0236,44
53,CAPEC-632,CVE-2005-0237,47
54,CAPEC-632,CVE-2005-0238,43
55,CAPEC-632,CVE-2009-0652,81
56,CAPEC-632,CVE-2012-0584,33
57,CAPEC-657,CVE-2006-3976,16
58,CAPEC-657,CVE-2006-3977,23